date,game_pk,away_team,home_team,away_score,home_score,home_won,winner,status
2026-05-15,823384,Philadelphia Phillies,Pittsburgh Pirates,11,9,False,Philadelphia Phillies,Final
2026-05-15,822739,Baltimore Orioles,Washington Nationals,2,3,True,Washington Nationals,Final
2026-05-15,824280,Toronto Blue Jays,Detroit Tigers,2,3,True,Detroit Tigers,Final
2026-05-15,824439,Cincinnati Reds,Cleveland Guardians,7,6,False,Cincinnati Reds,Final
2026-05-15,822983,Miami Marlins,Tampa Bay Rays,2,7,True,Tampa Bay Rays,Final
2026-05-15,823707,Milwaukee Brewers,Minnesota Twins,3,2,False,Milwaukee Brewers,Final
2026-05-15,824925,Boston Red Sox,Atlanta Braves,2,3,True,Atlanta Braves,Final
2026-05-15,823629,New York Yankees,New York Mets,5,2,False,New York Yankees,Final
2026-05-15,824601,Chicago Cubs,Chicago White Sox,10,5,False,Chicago Cubs,Final
2026-05-15,824194,Texas Rangers,Houston Astros,0,2,True,Houston Astros,Final
2026-05-15,823061,Kansas City Royals,St. Louis Cardinals,4,5,True,St. Louis Cardinals,Final
2026-05-15,824360,Arizona Diamondbacks,Colorado Rockies,9,1,False,Arizona Diamondbacks,Final
2026-05-15,824037,Los Angeles Dodgers,Los Angeles Angels,6,0,False,Los Angeles Dodgers,Final
2026-05-15,823140,San Diego Padres,Seattle Mariners,2,0,False,San Diego Padres,Final
2026-05-15,825009,San Francisco Giants,Athletics,2,5,True,Athletics,Final
2026-05-14,823383,Colorado Rockies,Pittsburgh Pirates,2,7,True,Pittsburgh Pirates,Final
2026-05-14,824517,Washington Nationals,Cincinnati Reds,1,15,True,Cincinnati Reds,Final
2026-05-14,823630,Detroit Tigers,New York Mets,4,9,True,New York Mets,Final
2026-05-14,823709,Miami Marlins,Minnesota Twins,1,9,True,Minnesota Twins,Final
2026-05-14,823789,San Diego Padres,Milwaukee Brewers,1,7,True,Milwaukee Brewers,Final
2026-05-14,824196,Seattle Mariners,Houston Astros,8,3,False,Seattle Mariners,Final
2026-05-14,825008,St. Louis Cardinals,Athletics,5,4,False,St. Louis Cardinals,Final
2026-05-14,824762,Philadelphia Phillies,Boston Red Sox,3,1,False,Philadelphia Phillies,Final
2026-05-14,824926,Chicago Cubs,Atlanta Braves,2,0,False,Chicago Cubs,Final
2026-05-14,824602,Kansas City Royals,Chicago White Sox,2,6,True,Chicago White Sox,Final
2026-05-14,823950,San Francisco Giants,Los Angeles Dodgers,2,5,True,Los Angeles Dodgers,Final
2026-05-16,824278,Toronto Blue Jays,Detroit Tigers,2,1,False,Toronto Blue Jays,Final
2026-05-16,823060,Kansas City Royals,St. Louis Cardinals,2,4,True,St. Louis Cardinals,Final
2026-05-16,824359,Arizona Diamondbacks,Colorado Rockies,2,4,True,Colorado Rockies,Final
2026-05-16,822737,Baltimore Orioles,Washington Nationals,3,13,True,Washington Nationals,Final
2026-05-16,823382,Philadelphia Phillies,Pittsburgh Pirates,6,0,False,Philadelphia Phillies,Final
2026-05-16,822981,Miami Marlins,Tampa Bay Rays,10,5,False,Miami Marlins,Final
2026-05-16,824435,Cincinnati Reds,Cleveland Guardians,4,7,True,Cleveland Guardians,Final
2026-05-16,824193,Texas Rangers,Houston Astros,1,4,True,Houston Astros,Final
2026-05-16,824600,Chicago Cubs,Chicago White Sox,3,8,True,Chicago White Sox,Final
2026-05-16,823706,Milwaukee Brewers,Minnesota Twins,2,1,False,Milwaukee Brewers,Final
2026-05-16,823139,San Diego Padres,Seattle Mariners,7,4,False,San Diego Padres,Final
2026-05-16,824924,Boston Red Sox,Atlanta Braves,3,2,False,Boston Red Sox,Final
2026-05-16,823627,New York Yankees,New York Mets,3,6,True,New York Mets,Final
2026-05-16,824038,Los Angeles Dodgers,Los Angeles Angels,15,2,False,Los Angeles Dodgers,Final
2026-05-16,825007,San Francisco Giants,Athletics,6,4,False,San Francisco Giants,Final
2026-05-17,822982,Miami Marlins,Tampa Bay Rays,3,6,True,Tampa Bay Rays,Final
2026-05-17,822738,Baltimore Orioles,Washington Nationals,7,3,False,Baltimore Orioles,Final
2026-05-17,823381,Philadelphia Phillies,Pittsburgh Pirates,6,0,False,Philadelphia Phillies,Final
2026-05-17,824923,Boston Red Sox,Atlanta Braves,1,8,True,Atlanta Braves,Final
2026-05-17,824436,Cincinnati Reds,Cleveland Guardians,3,10,True,Cleveland Guardians,Final
2026-05-17,824279,Toronto Blue Jays,Detroit Tigers,4,1,False,Toronto Blue Jays,Final
2026-05-17,823628,New York Yankees,New York Mets,6,7,True,New York Mets,Final
2026-05-17,824192,Texas Rangers,Houston Astros,8,0,False,Texas Rangers,Final
2026-05-17,824599,Chicago Cubs,Chicago White Sox,8,9,True,Chicago White Sox,Final
2026-05-17,823708,Milwaukee Brewers,Minnesota Twins,4,5,True,Minnesota Twins,Final
2026-05-17,823058,Kansas City Royals,St. Louis Cardinals,2,0,False,Kansas City Royals,Final
2026-05-17,824358,Arizona Diamondbacks,Colorado Rockies,8,6,False,Arizona Diamondbacks,Final
2026-05-17,825006,San Francisco Giants,Athletics,10,1,False,San Francisco Giants,Final
2026-05-17,824034,Los Angeles Dodgers,Los Angeles Angels,10,1,False,Los Angeles Dodgers,Final
2026-05-17,823138,San Diego Padres,Seattle Mariners,8,3,False,San Diego Padres,Final
2026-05-18,824277,Cleveland Guardians,Detroit Tigers,8,2,False,Cleveland Guardians,Final
2026-05-18,822980,Baltimore Orioles,Tampa Bay Rays,6,16,True,Tampa Bay Rays,Final
2026-05-18,823465,Cincinnati Reds,Philadelphia Phillies,4,5,True,Philadelphia Phillies,Final
2026-05-18,823867,Atlanta Braves,Miami Marlins,0,12,True,Miami Marlins,Final
2026-05-18,822734,New York Mets,Washington Nationals,16,7,False,New York Mets,Final
2026-05-18,823549,Toronto Blue Jays,New York Yankees,6,7,True,New York Yankees,Final
2026-05-18,824114,Boston Red Sox,Kansas City Royals,3,1,False,Boston Red Sox,Final
2026-05-18,823705,Houston Astros,Minnesota Twins,3,6,True,Minnesota Twins,Final
2026-05-18,824680,Milwaukee Brewers,Chicago Cubs,9,3,False,Milwaukee Brewers,Final
2026-05-18,824357,Texas Rangers,Colorado Rockies,6,7,True,Colorado Rockies,Final
2026-05-18,824035,Athletics,Los Angeles Angels,1,2,True,Los Angeles Angels,Final
2026-05-18,823301,Los Angeles Dodgers,San Diego Padres,0,1,True,San Diego Padres,Final
2026-05-18,825087,San Francisco Giants,Arizona Diamondbacks,2,12,True,Arizona Diamondbacks,Final
2026-05-18,823137,Chicago White Sox,Seattle Mariners,1,6,True,Seattle Mariners,Final
2026-05-19,823865,Atlanta Braves,Miami Marlins,8,4,False,Atlanta Braves,Final
2026-05-19,824276,Cleveland Guardians,Detroit Tigers,4,3,False,Cleveland Guardians,Final
2026-05-19,822979,Baltimore Orioles,Tampa Bay Rays,1,4,True,Tampa Bay Rays,Final
2026-05-19,823464,Cincinnati Reds,Philadelphia Phillies,4,1,False,Cincinnati Reds,Final
2026-05-19,822736,New York Mets,Washington Nationals,6,9,True,Washington Nationals,Final
2026-05-19,823548,Toronto Blue Jays,New York Yankees,4,5,True,New York Yankees,Final
2026-05-19,824112,Boston Red Sox,Kansas City Royals,7,1,False,Boston Red Sox,Final
2026-05-19,823704,Houston Astros,Minnesota Twins,2,1,False,Houston Astros,Final
2026-05-19,824677,Milwaukee Brewers,Chicago Cubs,5,2,False,Milwaukee Brewers,Final
2026-05-19,823059,Pittsburgh Pirates,St. Louis Cardinals,6,9,True,St. Louis Cardinals,Final
2026-05-19,824356,Texas Rangers,Colorado Rockies,10,0,False,Texas Rangers,Final
2026-05-19,824033,Athletics,Los Angeles Angels,14,6,False,Athletics,Final
2026-05-19,823302,Los Angeles Dodgers,San Diego Padres,5,4,False,Los Angeles Dodgers,Final
2026-05-19,825086,San Francisco Giants,Arizona Diamondbacks,3,5,True,Arizona Diamondbacks,Final
2026-05-19,823136,Chicago White Sox,Seattle Mariners,2,1,False,Chicago White Sox,Final
2026-05-20,823462,Cincinnati Reds,Philadelphia Phillies,9,4,False,Cincinnati Reds,Final
2026-05-20,822977,Baltimore Orioles,Tampa Bay Rays,3,5,True,Tampa Bay Rays,Final
2026-05-20,823703,Houston Astros,Minnesota Twins,1,4,True,Minnesota Twins,Final
2026-05-20,824355,Texas Rangers,Colorado Rockies,5,4,False,Texas Rangers,Final
2026-05-20,825084,San Francisco Giants,Arizona Diamondbacks,3,6,True,Arizona Diamondbacks,Final
2026-05-20,823134,Chicago White Sox,Seattle Mariners,4,5,True,Seattle Mariners,Final
2026-05-20,824273,Cleveland Guardians,Detroit Tigers,3,2,False,Cleveland Guardians,Final
2026-05-20,823866,Atlanta Braves,Miami Marlins,9,1,False,Atlanta Braves,Final
2026-05-20,822735,New York Mets,Washington Nationals,4,8,True,Washington Nationals,Final
2026-05-20,823547,Toronto Blue Jays,New York Yankees,2,1,False,Toronto Blue Jays,Final
2026-05-20,824111,Boston Red Sox,Kansas City Royals,4,3,False,Boston Red Sox,Final
2026-05-20,824678,Milwaukee Brewers,Chicago Cubs,5,0,False,Milwaukee Brewers,Final
2026-05-20,823057,Pittsburgh Pirates,St. Louis Cardinals,7,0,False,Pittsburgh Pirates,Final
2026-05-20,823299,Los Angeles Dodgers,San Diego Padres,4,0,False,Los Angeles Dodgers,Final
2026-05-20,824032,Athletics,Los Angeles Angels,6,5,False,Athletics,Final
2026-05-21,824274,Cleveland Guardians,Detroit Tigers,3,1,False,Cleveland Guardians,Final
2026-05-21,823056,Pittsburgh Pirates,St. Louis Cardinals,6,2,False,Pittsburgh Pirates,Final
2026-05-21,822733,New York Mets,Washington Nationals,2,1,False,New York Mets,Final
2026-05-21,823864,Atlanta Braves,Miami Marlins,9,3,False,Atlanta Braves,Final
2026-05-21,823545,Toronto Blue Jays,New York Yankees,2,0,False,Toronto Blue Jays,Final
2026-05-21,824031,Athletics,Los Angeles Angels,3,2,False,Athletics,Final
2026-05-21,825083,Colorado Rockies,Arizona Diamondbacks,1,2,True,Arizona Diamondbacks,Final
2026-05-22,824679,Houston Astros,Chicago Cubs,4,2,False,Houston Astros,Final
2026-05-22,823461,Cleveland Guardians,Philadelphia Phillies,1,0,False,Cleveland Guardians,Final
2026-05-22,823546,Tampa Bay Rays,New York Yankees,4,2,False,Tampa Bay Rays,Final
2026-05-22,822816,Pittsburgh Pirates,Toronto Blue Jays,2,6,True,Toronto Blue Jays,Final
2026-05-22,824761,Minnesota Twins,Boston Red Sox,8,6,False,Minnesota Twins,Final
2026-05-22,823863,New York Mets,Miami Marlins,1,2,True,Miami Marlins,Final
2026-05-22,824842,Detroit Tigers,Baltimore Orioles,4,7,True,Baltimore Orioles,Final
2026-05-22,824922,Washington Nationals,Atlanta Braves,4,5,True,Atlanta Braves,Final
2026-05-22,824110,Seattle Mariners,Kansas City Royals,2,0,False,Seattle Mariners,Final
2026-05-22,823788,Los Angeles Dodgers,Milwaukee Brewers,1,5,True,Milwaukee Brewers,Final
2026-05-22,824029,Texas Rangers,Los Angeles Angels,6,9,True,Los Angeles Angels,Final
2026-05-22,825082,Colorado Rockies,Arizona Diamondbacks,3,2,False,Colorado Rockies,Final
2026-05-22,823298,Athletics,San Diego Padres,3,7,True,San Diego Padres,Final
2026-05-22,823223,Chicago White Sox,San Francisco Giants,9,4,False,Chicago White Sox,Final
2026-05-23,824518,St. Louis Cardinals,Cincinnati Reds,8,1,False,St. Louis Cardinals,Final
2026-05-23,824516,St. Louis Cardinals,Cincinnati Reds,6,7,True,Cincinnati Reds,Final
2026-05-23,824674,Houston Astros,Chicago Cubs,3,0,False,Houston Astros,Final
2026-05-23,822814,Pittsburgh Pirates,Toronto Blue Jays,2,5,True,Toronto Blue Jays,Final
2026-05-23,823458,Cleveland Guardians,Philadelphia Phillies,0,3,True,Philadelphia Phillies,Final
2026-05-23,823222,Chicago White Sox,San Francisco Giants,3,10,True,San Francisco Giants,Final
2026-05-23,824109,Seattle Mariners,Kansas City Royals,0,5,True,Kansas City Royals,Final
2026-05-23,824760,Minnesota Twins,Boston Red Sox,4,2,False,Minnesota Twins,Final
2026-05-23,824920,Washington Nationals,Atlanta Braves,2,0,False,Washington Nationals,Final
2026-05-23,823862,New York Mets,Miami Marlins,1,4,True,Miami Marlins,Final
2026-05-23,823787,Los Angeles Dodgers,Milwaukee Brewers,11,3,False,Los Angeles Dodgers,Final
2026-05-23,823300,Athletics,San Diego Padres,0,2,True,San Diego Padres,Final
2026-05-23,824030,Texas Rangers,Los Angeles Angels,2,5,True,Los Angeles Angels,Final
2026-05-23,825080,Colorado Rockies,Arizona Diamondbacks,4,5,True,Arizona Diamondbacks,Final
2026-05-24,822813,Pittsburgh Pirates,Toronto Blue Jays,4,1,False,Pittsburgh Pirates,Final
2026-05-24,824839,Detroit Tigers,Baltimore Orioles,3,5,True,Baltimore Orioles,Final
2026-05-24,824840,Detroit Tigers,Baltimore Orioles,4,1,False,Detroit Tigers,Final
2026-05-24,824759,Minnesota Twins,Boston Red Sox,6,5,False,Minnesota Twins,Final
2026-05-24,823459,Cleveland Guardians,Philadelphia Phillies,3,1,False,Cleveland Guardians,Final
2026-05-24,823544,Tampa Bay Rays,New York Yankees,0,2,True,New York Yankees,Final
2026-05-24,823861,New York Mets,Miami Marlins,0,4,True,Miami Marlins,Final
2026-05-24,824108,Seattle Mariners,Kansas City Royals,6,8,True,Kansas City Royals,Final
2026-05-24,823786,Los Angeles Dodgers,Milwaukee Brewers,5,1,False,Los Angeles Dodgers,Final
2026-05-24,824676,Houston Astros,Chicago Cubs,8,5,False,Houston Astros,Final
2026-05-24,823220,Chicago White Sox,San Francisco Giants,5,8,True,San Francisco Giants,Final
2026-05-24,825081,Colorado Rockies,Arizona Diamondbacks,1,9,True,Arizona Diamondbacks,Final
2026-05-24,823297,Athletics,San Diego Padres,5,2,False,Athletics,Final
2026-05-24,824921,Washington Nationals,Atlanta Braves,2,1,False,Washington Nationals,Final
2026-05-24,824028,Texas Rangers,Los Angeles Angels,1,2,True,Los Angeles Angels,Final
2026-05-25,823380,Chicago Cubs,Pittsburgh Pirates,1,2,True,Pittsburgh Pirates,Final
2026-05-25,824838,Tampa Bay Rays,Baltimore Orioles,7,9,True,Baltimore Orioles,Final
2026-05-25,824598,Minnesota Twins,Chicago White Sox,1,3,True,Chicago White Sox,Final
2026-05-25,823784,St. Louis Cardinals,Milwaukee Brewers,1,5,True,Milwaukee Brewers,Final
2026-05-25,824107,New York Yankees,Kansas City Royals,4,3,False,New York Yankees,Final
2026-05-25,823625,Cincinnati Reds,New York Mets,7,2,False,Cincinnati Reds,Final
2026-05-25,823219,Arizona Diamondbacks,San Francisco Giants,6,2,False,Arizona Diamondbacks,Final
2026-05-25,824437,Washington Nationals,Cleveland Guardians,10,2,False,Washington Nationals,Final
2026-05-25,823296,Philadelphia Phillies,San Diego Padres,3,0,False,Philadelphia Phillies,Final
2026-05-25,822899,Houston Astros,Texas Rangers,9,0,False,Houston Astros,Final
2026-05-25,822812,Miami Marlins,Toronto Blue Jays,8,2,False,Miami Marlins,Final
2026-05-25,823948,Colorado Rockies,Los Angeles Dodgers,3,5,True,Los Angeles Dodgers,Final
2026-05-25,825005,Seattle Mariners,Athletics,9,2,False,Seattle Mariners,Final
2026-05-26,824434,Washington Nationals,Cleveland Guardians,6,3,False,Washington Nationals,Final
2026-05-26,824837,Tampa Bay Rays,Baltimore Orioles,1,6,True,Baltimore Orioles,Final
2026-05-26,824275,Los Angeles Angels,Detroit Tigers,10,6,False,Los Angeles Angels,Final
2026-05-26,823379,Chicago Cubs,Pittsburgh Pirates,1,12,True,Pittsburgh Pirates,Final
2026-05-26,824758,Atlanta Braves,Boston Red Sox,7,6,False,Atlanta Braves,Final
2026-05-26,822811,Miami Marlins,Toronto Blue Jays,1,8,True,Toronto Blue Jays,Final
2026-05-26,823624,Cincinnati Reds,New York Mets,7,2,False,Cincinnati Reds,Final
2026-05-26,824597,Minnesota Twins,Chicago White Sox,5,3,False,Minnesota Twins,Final
2026-05-26,824106,New York Yankees,Kansas City Royals,15,1,False,New York Yankees,Final
2026-05-26,823785,St. Louis Cardinals,Milwaukee Brewers,0,6,True,Milwaukee Brewers,Final
2026-05-26,822898,Houston Astros,Texas Rangers,7,10,True,Texas Rangers,Final
2026-05-26,825004,Seattle Mariners,Athletics,4,1,False,Seattle Mariners,Final
2026-05-26,823294,Philadelphia Phillies,San Diego Padres,4,3,False,Philadelphia Phillies,Final
2026-05-26,823216,Arizona Diamondbacks,San Francisco Giants,7,5,False,Arizona Diamondbacks,Final
2026-05-26,823949,Colorado Rockies,Los Angeles Dodgers,6,15,True,Los Angeles Dodgers,Final
2026-05-27,822809,Miami Marlins,Toronto Blue Jays,1,2,True,Toronto Blue Jays,Final
2026-05-27,824432,Washington Nationals,Cleveland Guardians,2,3,True,Cleveland Guardians,Final
2026-05-27,823783,St. Louis Cardinals,Milwaukee Brewers,1,2,True,Milwaukee Brewers,Final
2026-05-27,825003,Seattle Mariners,Athletics,9,1,False,Seattle Mariners,Final
2026-05-27,823217,Arizona Diamondbacks,San Francisco Giants,3,2,False,Arizona Diamondbacks,Final
2026-05-27,823295,Philadelphia Phillies,San Diego Padres,3,0,False,Philadelphia Phillies,Final
2026-05-27,824836,Tampa Bay Rays,Baltimore Orioles,2,11,True,Baltimore Orioles,Final
2026-05-27,824270,Los Angeles Angels,Detroit Tigers,0,4,True,Detroit Tigers,Final
2026-05-27,823376,Chicago Cubs,Pittsburgh Pirates,10,4,False,Chicago Cubs,Final
2026-05-27,824756,Atlanta Braves,Boston Red Sox,0,8,True,Boston Red Sox,Final
2026-05-27,823626,Cincinnati Reds,New York Mets,2,4,True,New York Mets,Final
2026-05-27,824596,Minnesota Twins,Chicago White Sox,2,15,True,Chicago White Sox,Final
2026-05-27,824104,New York Yankees,Kansas City Royals,7,0,False,New York Yankees,Final
2026-05-27,822897,Houston Astros,Texas Rangers,4,3,False,Houston Astros,Final
2026-05-27,823947,Colorado Rockies,Los Angeles Dodgers,1,4,True,Los Angeles Dodgers,Final
2026-05-28,824272,Los Angeles Angels,Detroit Tigers,7,1,False,Los Angeles Angels,Final
2026-05-28,824595,Minnesota Twins,Chicago White Sox,2,6,True,Chicago White Sox,Final
2026-05-28,824757,Atlanta Braves,Boston Red Sox,10,2,False,Atlanta Braves,Final
2026-05-28,824834,Toronto Blue Jays,Baltimore Orioles,2,1,False,Toronto Blue Jays,Final
2026-05-28,823378,Chicago Cubs,Pittsburgh Pirates,7,2,False,Chicago Cubs,Final
2026-05-28,822896,Houston Astros,Texas Rangers,5,1,False,Houston Astros,Final
2026-05-29,824515,Atlanta Braves,Cincinnati Reds,8,3,False,Atlanta Braves,Final
2026-05-29,822732,San Diego Padres,Washington Nationals,7,5,False,San Diego Padres,Final
2026-05-29,823377,Minnesota Twins,Pittsburgh Pirates,5,6,True,Pittsburgh Pirates,Final
2026-05-29,824835,Toronto Blue Jays,Baltimore Orioles,6,5,False,Toronto Blue Jays,Final
2026-05-29,824433,Boston Red Sox,Cleveland Guardians,3,4,True,Cleveland Guardians,Final
2026-05-29,822978,Los Angeles Angels,Tampa Bay Rays,5,8,True,Tampa Bay Rays,Final
2026-05-29,823623,Miami Marlins,New York Mets,7,9,True,New York Mets,Final
2026-05-29,823055,Chicago Cubs,St. Louis Cardinals,5,6,True,St. Louis Cardinals,Final
2026-05-29,824594,Detroit Tigers,Chicago White Sox,3,4,True,Chicago White Sox,Final
2026-05-29,822894,Kansas City Royals,Texas Rangers,1,9,True,Texas Rangers,Final
2026-05-29,824191,Milwaukee Brewers,Houston Astros,5,4,False,Milwaukee Brewers,Final
2026-05-29,824353,San Francisco Giants,Colorado Rockies,6,8,True,Colorado Rockies,Final
2026-05-29,825002,New York Yankees,Athletics,8,2,False,New York Yankees,Final
2026-05-29,823135,Arizona Diamondbacks,Seattle Mariners,6,7,True,Seattle Mariners,Final
2026-05-29,823946,Philadelphia Phillies,Los Angeles Dodgers,2,4,True,Los Angeles Dodgers,Final
2026-05-31,824832,Toronto Blue Jays,Baltimore Orioles,5,9,True,Baltimore Orioles,Final
2026-05-31,822729,San Diego Padres,Washington Nationals,2,4,True,Washington Nationals,Final
2026-05-31,823373,Minnesota Twins,Pittsburgh Pirates,3,9,True,Pittsburgh Pirates,Final
2026-05-31,824430,Boston Red Sox,Cleveland Guardians,9,4,False,Boston Red Sox,Final
2026-05-31,822976,Los Angeles Angels,Tampa Bay Rays,2,5,True,Tampa Bay Rays,Final
2026-05-31,824512,Atlanta Braves,Cincinnati Reds,4,6,True,Cincinnati Reds,Final
2026-05-31,823621,Miami Marlins,New York Mets,1,10,True,New York Mets,Final
2026-05-31,824592,Detroit Tigers,Chicago White Sox,1,2,True,Chicago White Sox,Final
2026-05-31,824187,Milwaukee Brewers,Houston Astros,2,0,False,Milwaukee Brewers,Final
2026-05-31,822895,Kansas City Royals,Texas Rangers,3,6,True,Texas Rangers,Final
2026-05-31,824354,San Francisco Giants,Colorado Rockies,19,6,False,San Francisco Giants,Final
2026-05-31,825001,New York Yankees,Athletics,13,8,False,New York Yankees,Final
2026-05-31,823133,Arizona Diamondbacks,Seattle Mariners,2,3,True,Seattle Mariners,Final
2026-05-31,823944,Philadelphia Phillies,Los Angeles Dodgers,1,9,True,Los Angeles Dodgers,Final
2026-05-31,823053,Chicago Cubs,St. Louis Cardinals,1,5,True,St. Louis Cardinals,Final
2026-06-04,823457,San Diego Padres,Philadelphia Phillies,4,6,True,Philadelphia Phillies,Final
2026-06-04,824753,Baltimore Orioles,Boston Red Sox,8,2,False,Baltimore Orioles,Final
2026-06-04,823542,Cleveland Guardians,New York Yankees,1,2,True,New York Yankees,Final
2026-06-04,823779,San Francisco Giants,Milwaukee Brewers,12,9,False,San Francisco Giants,Final
2026-06-04,824919,Toronto Blue Jays,Atlanta Braves,7,2,False,Toronto Blue Jays,Final
2026-06-04,823698,Kansas City Royals,Minnesota Twins,8,6,False,Kansas City Royals,Final
2026-06-04,824672,Athletics,Chicago Cubs,6,7,True,Chicago Cubs,Final
2026-06-04,824185,Pittsburgh Pirates,Houston Astros,5,1,False,Pittsburgh Pirates,Final
2026-06-04,825076,Los Angeles Dodgers,Arizona Diamondbacks,2,3,True,Arizona Diamondbacks,Final
2026-06-05,824673,San Francisco Giants,Chicago Cubs,18,3,False,San Francisco Giants,Final
2026-06-05,824271,Seattle Mariners,Detroit Tigers,3,7,True,Detroit Tigers,Final
2026-06-05,823455,Chicago White Sox,Philadelphia Phillies,6,8,True,Philadelphia Phillies,Final
2026-06-05,823538,Boston Red Sox,New York Yankees,5,3,False,Boston Red Sox,Final
2026-06-05,822810,Baltimore Orioles,Toronto Blue Jays,13,3,False,Baltimore Orioles,Final
2026-06-05,823860,Tampa Bay Rays,Miami Marlins,6,0,False,Tampa Bay Rays,Final
2026-06-05,824914,Pittsburgh Pirates,Atlanta Braves,3,6,True,Atlanta Braves,Final
2026-06-05,824186,Athletics,Houston Astros,1,5,True,Houston Astros,Final
2026-06-05,823049,Cincinnati Reds,St. Louis Cardinals,3,10,True,St. Louis Cardinals,Final
2026-06-05,822892,Cleveland Guardians,Texas Rangers,2,3,True,Texas Rangers,Final
2026-06-05,823699,Kansas City Royals,Minnesota Twins,3,5,True,Minnesota Twins,Final
2026-06-05,824350,Milwaukee Brewers,Colorado Rockies,9,7,False,Milwaukee Brewers,Final
2026-06-05,825073,Washington Nationals,Arizona Diamondbacks,14,1,False,Washington Nationals,Final
2026-06-05,823293,New York Mets,San Diego Padres,5,0,False,New York Mets,Final
2026-06-05,823943,Los Angeles Angels,Los Angeles Dodgers,0,1,True,Los Angeles Dodgers,Final
2026-06-06,824269,Seattle Mariners,Detroit Tigers,4,0,False,Seattle Mariners,Final
2026-06-06,823697,Kansas City Royals,Minnesota Twins,3,2,False,Kansas City Royals,Final
2026-06-06,823048,Cincinnati Reds,St. Louis Cardinals,5,6,True,St. Louis Cardinals,Final
2026-06-06,824669,San Francisco Giants,Chicago Cubs,2,3,True,Chicago Cubs,Final
2026-06-06,822808,Baltimore Orioles,Toronto Blue Jays,4,6,True,Toronto Blue Jays,Final
2026-06-06,823454,Chicago White Sox,Philadelphia Phillies,6,3,False,Chicago White Sox,Final
2026-06-06,825075,Washington Nationals,Arizona Diamondbacks,6,1,False,Washington Nationals,Final
2026-06-06,824184,Athletics,Houston Astros,2,13,True,Houston Astros,Final
2026-06-06,824915,Pittsburgh Pirates,Atlanta Braves,3,6,True,Atlanta Braves,Final
2026-06-06,823859,Tampa Bay Rays,Miami Marlins,3,4,True,Miami Marlins,Final
2026-06-06,822891,Cleveland Guardians,Texas Rangers,6,0,False,Cleveland Guardians,Final
2026-06-06,824351,Milwaukee Brewers,Colorado Rockies,7,1,False,Milwaukee Brewers,Final
2026-06-06,823942,Los Angeles Angels,Los Angeles Dodgers,2,9,True,Los Angeles Dodgers,Final
2026-06-06,823292,New York Mets,San Diego Padres,2,3,True,San Diego Padres,Final
2026-06-07,824916,Pittsburgh Pirates,Atlanta Braves,2,3,True,Atlanta Braves,Final
2026-06-07,823453,Chicago White Sox,Philadelphia Phillies,5,9,True,Philadelphia Phillies,Final
2026-06-07,823537,Boston Red Sox,New York Yankees,1,6,True,New York Yankees,Final
2026-06-07,822807,Baltimore Orioles,Toronto Blue Jays,4,6,True,Toronto Blue Jays,Final
2026-06-07,824268,Seattle Mariners,Detroit Tigers,4,5,True,Detroit Tigers,Final
2026-06-07,823857,Tampa Bay Rays,Miami Marlins,1,4,True,Miami Marlins,Final
2026-06-07,824183,Athletics,Houston Astros,5,0,False,Athletics,Final
2026-06-07,823696,Kansas City Royals,Minnesota Twins,6,5,False,Kansas City Royals,Final
2026-06-07,823047,Cincinnati Reds,St. Louis Cardinals,3,5,True,St. Louis Cardinals,Final
2026-06-07,822890,Cleveland Guardians,Texas Rangers,0,10,True,Texas Rangers,Final
2026-06-07,824349,Milwaukee Brewers,Colorado Rockies,12,4,False,Milwaukee Brewers,Final
2026-06-07,825074,Washington Nationals,Arizona Diamondbacks,1,5,True,Arizona Diamondbacks,Final
2026-06-07,823941,Los Angeles Angels,Los Angeles Dodgers,13,5,False,Los Angeles Angels,Final
2026-06-07,823291,New York Mets,San Diego Padres,7,3,False,New York Mets,Final
2026-06-07,824670,San Francisco Giants,Chicago Cubs,2,1,False,San Francisco Giants,Final
2026-06-08,824829,Seattle Mariners,Baltimore Orioles,6,3,False,Seattle Mariners,Final
2026-06-08,822972,Boston Red Sox,Tampa Bay Rays,1,3,True,Tampa Bay Rays,Final
2026-06-08,824427,New York Yankees,Cleveland Guardians,7,5,False,New York Yankees,Final
2026-06-08,822806,Philadelphia Phillies,Toronto Blue Jays,5,2,False,Philadelphia Phillies,Final
2026-06-08,824025,Houston Astros,Los Angeles Angels,5,4,False,Houston Astros,Final
2026-06-08,823289,Cincinnati Reds,San Diego Padres,2,6,True,San Diego Padres,Final
2026-06-08,823218,Washington Nationals,San Francisco Giants,4,3,False,Washington Nationals,Final
2026-06-08,824998,Milwaukee Brewers,Athletics,15,14,False,Milwaukee Brewers,Final
2026-06-09,824830,Seattle Mariners,Baltimore Orioles,6,5,False,Seattle Mariners,Final
2026-06-09,823374,Los Angeles Dodgers,Pittsburgh Pirates,12,3,False,Los Angeles Dodgers,Final
2026-06-09,822969,Boston Red Sox,Tampa Bay Rays,3,4,True,Tampa Bay Rays,Final
2026-06-09,824267,Minnesota Twins,Detroit Tigers,4,10,True,Detroit Tigers,Final
2026-06-09,823858,Arizona Diamondbacks,Miami Marlins,6,10,True,Miami Marlins,Final
2026-06-09,824429,New York Yankees,Cleveland Guardians,3,2,False,New York Yankees,Final
2026-06-09,822805,Philadelphia Phillies,Toronto Blue Jays,2,3,True,Toronto Blue Jays,Final
2026-06-09,823620,St. Louis Cardinals,New York Mets,7,0,False,St. Louis Cardinals,Final
2026-06-09,824105,Texas Rangers,Kansas City Royals,3,5,True,Kansas City Royals,Final
2026-06-09,824591,Atlanta Braves,Chicago White Sox,5,6,True,Chicago White Sox,Final
2026-06-09,824347,Chicago Cubs,Colorado Rockies,3,7,True,Colorado Rockies,Final
2026-06-09,824023,Houston Astros,Los Angeles Angels,1,10,True,Los Angeles Angels,Final
2026-06-09,823290,Cincinnati Reds,San Diego Padres,5,3,False,Cincinnati Reds,Final
2026-06-09,823214,Washington Nationals,San Francisco Giants,6,3,False,Washington Nationals,Final
2026-06-09,824999,Milwaukee Brewers,Athletics,5,7,True,Athletics,Final
2026-06-10,822970,Boston Red Sox,Tampa Bay Rays,5,7,True,Tampa Bay Rays,Final
2026-06-10,824428,New York Yankees,Cleveland Guardians,8,4,False,New York Yankees,Final
2026-06-10,823215,Washington Nationals,San Francisco Giants,10,11,True,San Francisco Giants,Final
2026-06-10,823287,Cincinnati Reds,San Diego Padres,4,5,True,San Diego Padres,Final
2026-06-10,824831,Seattle Mariners,Baltimore Orioles,2,7,True,Baltimore Orioles,Final
2026-06-10,823372,Los Angeles Dodgers,Pittsburgh Pirates,8,9,True,Pittsburgh Pirates,Final
2026-06-10,824266,Minnesota Twins,Detroit Tigers,6,4,False,Minnesota Twins,Final
2026-06-10,823856,Arizona Diamondbacks,Miami Marlins,0,8,True,Miami Marlins,Final
2026-06-10,822804,Philadelphia Phillies,Toronto Blue Jays,7,4,False,Philadelphia Phillies,Final
2026-06-10,823618,St. Louis Cardinals,New York Mets,9,2,False,St. Louis Cardinals,Final
2026-06-10,824103,Texas Rangers,Kansas City Royals,6,4,False,Texas Rangers,Final
2026-06-10,824590,Atlanta Braves,Chicago White Sox,1,2,True,Chicago White Sox,Final
2026-06-10,824348,Chicago Cubs,Colorado Rockies,2,3,True,Colorado Rockies,Final
2026-06-10,824996,Milwaukee Brewers,Athletics,3,4,True,Athletics,Final
2026-06-10,824022,Houston Astros,Los Angeles Angels,2,3,True,Los Angeles Angels,Final
